City_ID,City,Country,Date,Lat,Lng,Max Temp,Humidity,Cloudiness,Wind Speed
0,Vanimo,PG,2020-08-27 17:38:28,-2.67,141.3,78.94,85,57,4.09
1,Tasiilaq,GL,2020-08-27 17:38:28,65.61,-37.64,39.2,80,20,10.29
2,Brownsville,US,2020-08-27 17:35:31,25.9,-97.5,95.0,53,40,12.75
3,Port Alfred,ZA,2020-08-27 17:38:28,-33.59,26.89,61.97,82,0,7.63
4,Punta Arenas,CL,2020-08-27 17:35:12,-53.15,-70.92,39.0,64,40,23.04
5,Aklavik,CA,2020-08-27 17:38:28,68.22,-135.01,39.2,86,90,3.36
6,Coquimbo,CL,2020-08-27 17:38:28,-29.95,-71.34,59.0,67,20,9.17
7,Guiratinga,BR,2020-08-27 17:38:28,-16.35,-53.76,103.6,11,72,2.71
8,Hithadhoo,MV,2020-08-27 17:38:28,-0.6,73.08,80.28,73,100,11.5
9,Albany,US,2020-08-27 17:35:53,42.6,-73.97,63.0,91,100,5.39
10,Zirandaro,MX,2020-08-27 17:38:29,18.45,-100.98,78.08,88,100,2.1
11,Myrhorod,UA,2020-08-27 17:38:29,49.97,33.61,61.5,86,84,8.37
12,Bilibino,RU,2020-08-27 17:38:29,68.05,166.44,39.88,89,100,2.66
13,Kuldur,RU,2020-08-27 17:38:29,49.22,131.63,61.72,91,100,3.18
14,Sinnamary,GF,2020-08-27 17:38:29,5.38,-52.95,84.36,74,3,6.46
15,Baoqing,CN,2020-08-27 17:36:56,46.33,132.21,69.12,96,100,9.69
16,Saint-Pierre,RE,2020-08-27 17:38:29,-21.34,55.48,69.8,60,2,4.7
17,Torbay,CA,2020-08-27 17:38:29,47.67,-52.73,68.0,68,75,17.22
18,Chuy,UY,2020-08-27 17:38:29,-33.7,-53.46,56.79,98,100,10.8
19,Kashi,CN,2020-08-27 17:38:29,39.45,75.98,71.6,56,40,2.24
20,Dunedin,NZ,2020-08-27 17:37:57,-45.87,170.5,42.01,83,99,5.99
21,San Policarpo,PH,2020-08-27 17:38:29,12.18,125.51,79.95,85,100,6.4
22,Ribeira Grande,PT,2020-08-27 17:38:29,38.52,-28.7,77.0,88,75,5.82
23,Rikitea,PF,2020-08-27 17:38:29,-23.12,-134.97,67.75,60,0,1.25
24,Jamestown,US,2020-08-27 17:38:29,42.1,-79.24,84.0,69,20,17.22
25,Lebu,CL,2020-08-27 17:38:29,-37.62,-73.65,52.23,79,100,10.65
26,Bredasdorp,ZA,2020-08-27 17:38:30,-34.53,20.04,57.2,76,2,3.36
27,Suez,EG,2020-08-27 17:38:30,29.97,32.53,80.64,54,0,15.86
28,Ushuaia,AR,2020-08-27 17:38:30,-54.8,-68.3,41.0,38,40,23.04
29,Kuusamo,FI,2020-08-27 17:38:30,65.97,29.18,48.2,81,90,6.93
30,Pandan,PH,2020-08-27 17:38:30,14.05,124.17,82.45,78,100,7.63
31,Yumen,CN,2020-08-27 17:38:30,40.28,97.2,61.61,27,27,13.35
32,Longyearbyen,SJ,2020-08-27 17:38:30,78.22,15.64,41.0,65,40,12.75
33,Asfi,MA,2020-08-27 17:38:30,32.3,-9.24,80.19,53,0,22.12
34,Mataura,NZ,2020-08-27 17:38:30,-46.19,168.86,36.14,87,70,3.8
35,Barrancabermeja,CO,2020-08-27 17:38:30,7.07,-73.85,91.67,54,80,1.32
36,Port Hardy,CA,2020-08-27 17:38:30,50.7,-127.42,53.6,100,90,5.82
37,Atuona,PF,2020-08-27 17:38:31,-9.8,-139.03,78.76,75,61,21.92
38,Le Havre,FR,2020-08-27 17:38:31,49.49,0.11,68.0,82,81,19.46
39,Tuktoyaktuk,CA,2020-08-27 17:38:31,69.45,-133.04,42.8,70,90,10.29
40,Bambous Virieux,MU,2020-08-27 17:38:31,-20.34,57.76,71.6,83,75,8.05
41,Kayerkan,RU,2020-08-27 17:38:31,69.35,87.76,55.4,82,8,11.18
42,Cape Town,ZA,2020-08-27 17:38:31,-33.93,18.42,60.01,71,40,11.41
43,Yellowknife,CA,2020-08-27 17:38:31,62.46,-114.35,57.2,87,75,12.75
44,Ilulissat,GL,2020-08-27 17:38:31,69.22,-51.1,44.6,65,75,5.82
45,Paamiut,GL,2020-08-27 17:38:31,61.99,-49.67,43.48,76,100,0.81
46,Belvedere Marittimo,IT,2020-08-27 17:38:31,39.62,15.86,81.0,51,4,8.01
47,Hilo,US,2020-08-27 17:35:26,19.73,-155.09,73.4,78,75,4.7
48,New Norfolk,AU,2020-08-27 17:38:31,-42.78,147.06,46.99,75,7,3.0
49,Shubarshi,KZ,2020-08-27 17:38:31,48.59,57.19,77.83,24,5,4.03
50,Sao Joao Da Barra,BR,2020-08-27 17:38:31,-21.64,-41.05,77.0,65,75,6.93
51,Bathsheba,BB,2020-08-27 17:38:32,13.22,-59.52,87.8,74,40,20.8
52,Lakes Entrance,AU,2020-08-27 17:38:32,-37.88,147.98,46.99,80,14,1.01
53,South Sioux City,US,2020-08-27 17:38:32,42.47,-96.41,86.0,58,1,5.82
54,Sambava,MG,2020-08-27 17:38:32,-14.27,50.17,73.06,77,16,11.39
55,Staraya Toropa,RU,2020-08-27 17:38:32,56.28,31.67,55.27,98,100,1.45
56,Kudahuvadhoo,MV,2020-08-27 17:38:32,2.67,72.89,83.19,71,100,12.03
57,Shakiso,ET,2020-08-27 17:38:32,5.75,38.92,62.56,81,72,1.54
58,Lagoa,PT,2020-08-27 17:38:32,39.05,-27.98,74.88,85,87,3.78
59,Barrow,US,2020-08-27 17:38:32,71.29,-156.79,37.4,93,90,18.34
60,Revelstoke,CA,2020-08-27 17:38:25,50.98,-118.2,64.4,55,20,3.36
61,Yenangyaung,MM,2020-08-27 17:38:32,20.47,94.88,78.4,84,52,9.64
62,Vilyuysk,RU,2020-08-27 17:38:32,63.76,121.62,44.58,59,0,4.34
63,Cedar Falls,US,2020-08-27 17:38:32,42.53,-92.45,89.01,58,1,11.41
64,Pevek,RU,2020-08-27 17:38:32,69.7,170.31,36.16,95,10,1.59
65,Mogadishu,SO,2020-08-27 17:38:32,2.04,45.34,77.0,82,5,14.03
66,Severo-Kurilsk,RU,2020-08-27 17:38:33,50.68,156.12,50.88,88,100,13.24
67,Kapaa,US,2020-08-27 17:38:33,22.08,-159.32,73.99,100,75,12.75
68,Sola,VU,2020-08-27 17:38:33,-13.88,167.55,80.83,76,74,23.94
69,Alofi,NU,2020-08-27 17:38:33,-19.06,-169.92,62.6,93,71,1.12
70,Berlevag,NO,2020-08-27 17:38:33,70.86,29.09,44.6,75,75,24.16
71,Saint-Philippe,RE,2020-08-27 17:38:33,-21.36,55.77,69.8,60,39,4.7
72,Falun,SE,2020-08-27 17:38:33,60.6,15.63,57.2,50,94,5.82
73,Lompoc,US,2020-08-27 17:38:33,34.64,-120.46,57.2,87,90,10.29
74,Leningradskiy,RU,2020-08-27 17:38:33,69.38,178.42,37.87,93,96,4.61
75,Peace River,CA,2020-08-27 17:35:37,56.25,-117.29,60.8,59,40,14.99
76,Pisco,PE,2020-08-27 17:38:33,-13.7,-76.22,66.2,72,20,10.29
77,Pierre,US,2020-08-27 17:38:33,44.37,-100.35,68.0,94,75,12.75
78,Nizwa,OM,2020-08-27 17:38:33,22.93,57.53,92.35,40,97,9.4
79,Baherden,TM,2020-08-27 17:38:33,38.44,57.43,78.48,20,0,6.67
80,Port Elizabeth,ZA,2020-08-27 17:38:33,-33.92,25.57,59.0,72,0,10.29
81,Abnub,EG,2020-08-27 17:36:03,27.27,31.15,93.2,24,0,14.99
82,Pacific Grove,US,2020-08-27 17:36:11,36.62,-121.92,57.0,93,59,1.99
83,Jaisalmer,IN,2020-08-27 17:38:34,26.91,70.92,86.31,68,25,11.92
84,Wum,CM,2020-08-27 17:38:34,6.38,10.07,67.05,97,100,1.34
85,Yar-Sale,RU,2020-08-27 17:38:34,66.83,70.83,55.58,76,19,7.65
86,Tigil,RU,2020-08-27 17:38:34,57.8,158.67,44.74,90,100,7.07
87,Kaeo,NZ,2020-08-27 17:38:34,-35.1,173.78,43.0,3,6,4.0
88,Butaritari,KI,2020-08-27 17:38:34,3.07,172.79,82.0,69,72,10.11
89,Kloulklubed,PW,2020-08-27 17:38:34,7.04,134.26,84.11,74,94,10.45
90,Puerto Escondido,MX,2020-08-27 17:38:34,15.85,-97.07,82.4,54,90,13.87
91,Harrismith,ZA,2020-08-27 17:38:34,-28.27,29.13,63.48,33,86,14.79
92,Vardo,NO,2020-08-27 17:38:34,70.37,31.11,46.4,81,75,13.87
93,Yulara,AU,2020-08-27 17:36:22,-25.24,130.99,66.2,24,0,11.41
94,Tilichiki,RU,2020-08-27 17:38:34,60.47,166.1,40.12,82,100,6.76
95,Hambantota,LK,2020-08-27 17:38:34,6.12,81.12,79.93,80,38,15.5
96,Pochutla,MX,2020-08-27 17:37:29,15.74,-96.47,86.0,70,90,6.4
97,Busselton,AU,2020-08-27 17:38:34,-33.65,115.33,48.99,77,1,5.79
98,Katsuura,JP,2020-08-27 17:38:35,35.13,140.3,82.0,90,2,1.99
99,Santa Cruz Cabralia,BR,2020-08-27 17:38:35,-16.28,-39.02,77.0,61,40,9.17
100,Merauke,ID,2020-08-27 17:38:35,-8.47,140.33,76.73,81,4,16.93
101,Fortuna,US,2020-08-27 17:38:35,40.6,-124.16,57.99,87,75,3.36
102,Seydi,TM,2020-08-27 17:38:35,39.48,62.91,74.3,30,0,11.25
103,Barrhead,GB,2020-08-27 17:34:24,55.8,-4.39,55.4,93,100,6.93
104,Tazovskiy,RU,2020-08-27 17:38:35,67.47,78.7,52.02,86,0,8.46
105,Indiana,US,2020-08-27 17:38:35,40.0,-86.25,84.0,83,40,9.17
106,Puerto Ayora,EC,2020-08-27 17:38:35,-0.74,-90.35,73.4,64,20,23.04
107,Manokwari,ID,2020-08-27 17:38:35,-0.87,134.08,78.35,74,11,5.21
108,Hobart,AU,2020-08-27 17:38:14,-42.88,147.33,48.0,65,40,11.41
109,Norman Wells,CA,2020-08-27 17:38:35,65.28,-126.83,51.8,93,75,3.36
110,Poum,NC,2020-08-27 17:38:35,-20.23,164.02,69.67,71,91,9.86
111,Cherskiy,RU,2020-08-27 17:38:35,68.75,161.3,36.59,94,100,2.28
112,Shiyan,CN,2020-08-27 17:38:36,32.65,110.78,71.29,83,0,1.61
113,Bengkulu,ID,2020-08-27 17:38:36,-3.8,102.27,75.81,84,2,5.95
114,Cidreira,BR,2020-08-27 17:38:36,-30.18,-50.21,68.58,62,80,9.1
115,Tshikapa,CD,2020-08-27 17:38:36,-6.42,20.8,72.25,86,100,1.03
116,Clonakilty,IE,2020-08-27 17:38:36,51.62,-8.87,59.0,82,75,5.82
117,Nome,US,2020-08-27 17:38:36,64.5,-165.41,48.2,81,1,10.29
118,Hamilton,US,2020-08-27 17:37:16,39.18,-84.53,84.99,70,75,12.75
119,Oyama,JP,2020-08-27 17:38:36,36.3,139.8,88.0,88,40,2.24
120,Bereda,ES,2020-08-27 17:38:36,43.27,-7.54,82.0,63,64,10.0
121,Pindi Gheb,PK,2020-08-27 17:38:36,33.24,72.27,75.2,88,75,8.05
122,Bethel,US,2020-08-27 17:38:36,41.37,-73.41,82.0,61,1,12.75
123,Hsinchu,TW,2020-08-27 17:38:36,24.8,120.97,82.0,81,100,4.23
124,Linxia,CN,2020-08-27 17:38:36,35.6,103.21,59.76,54,31,3.29
125,Ambilobe,MG,2020-08-27 17:38:37,-13.2,49.05,69.15,80,7,4.63
126,Maputo,MZ,2020-08-27 17:38:37,-25.97,32.59,68.0,82,1,12.75
127,Marshall,US,2020-08-27 17:38:37,34.38,-86.33,88.0,70,40,5.82
128,Gat,IL,2020-08-27 17:38:37,31.61,34.76,82.0,61,0,4.72
129,Marsabit,KE,2020-08-27 17:38:37,2.33,37.99,70.93,57,8,20.74
130,Hovd,MN,2020-08-27 17:38:37,48.01,91.64,56.03,41,100,1.5
131,Ouallam,NE,2020-08-27 17:38:37,14.32,2.09,92.43,42,68,6.17
132,Hermanus,ZA,2020-08-27 17:38:37,-34.42,19.23,57.0,88,43,1.01
133,Naze,JP,2020-08-27 17:38:37,28.37,129.48,82.4,94,75,5.82
134,Rio Gallegos,AR,2020-08-27 17:36:12,-51.62,-69.22,39.11,70,80,16.87
135,Bluff,NZ,2020-08-27 17:38:37,-46.6,168.33,42.67,80,75,13.31
136,Castro,BR,2020-08-27 17:38:37,-24.79,-50.01,74.95,35,0,2.93
137,Saskylakh,RU,2020-08-27 17:38:37,71.92,114.08,51.85,68,2,3.91
138,Carnarvon,AU,2020-08-27 17:38:37,-24.87,113.63,66.2,100,22,5.82
139,Endicott,US,2020-08-27 17:38:37,42.1,-76.05,88.0,58,75,19.46
140,Lorengau,PG,2020-08-27 17:38:37,-2.02,147.27,81.82,76,70,7.52
141,Belmonte,BR,2020-08-27 17:38:38,-15.86,-38.88,77.0,61,40,9.17
142,Sangar,RU,2020-08-27 17:38:38,63.92,127.47,43.75,62,19,5.7
143,Celaliye,TR,2020-08-27 17:38:38,41.05,28.42,78.8,65,38,11.41
144,Faanui,PF,2020-08-27 17:38:38,-16.48,-151.75,77.25,77,1,15.95
145,Arraial Do Cabo,BR,2020-08-27 17:38:38,-22.97,-42.03,77.0,69,40,13.87
146,Vaini,TO,2020-08-27 17:38:38,-21.2,-175.2,66.2,100,97,3.36
147,Baykit,RU,2020-08-27 17:38:38,61.67,96.37,54.03,84,91,2.15
148,Saint-Georges,GD,2020-08-27 17:38:38,12.06,-61.75,86.0,84,75,12.75
149,Hobyo,SO,2020-08-27 17:38:38,5.35,48.53,76.51,82,99,27.0
150,Gigmoto,PH,2020-08-27 17:38:38,13.78,124.39,81.86,75,100,3.02
151,Amapa,BR,2020-08-27 17:38:38,1.0,-52.0,92.66,44,30,1.34
152,Verkhnevilyuysk,RU,2020-08-27 17:38:38,63.45,120.32,43.38,62,6,2.51
153,Vila Franca Do Campo,PT,2020-08-27 17:38:38,37.72,-25.43,77.0,88,20,8.05
154,Bafq,IR,2020-08-27 17:38:38,31.61,55.41,76.53,17,0,8.32
155,Tiksi,RU,2020-08-27 17:38:39,71.69,128.87,38.17,82,0,2.89
156,Rivadavia,AR,2020-08-27 17:38:39,-33.19,-68.46,60.8,38,20,5.82
157,The Valley,AI,2020-08-27 17:34:59,18.22,-63.06,89.6,70,40,14.99
158,Ponta Do Sol,PT,2020-08-27 17:38:39,32.67,-17.1,84.2,51,20,20.8
159,Aksarka,RU,2020-08-27 17:38:39,66.56,67.8,55.51,84,47,6.69
160,Bulalacao,PH,2020-08-27 17:38:39,12.33,121.34,81.59,76,96,8.39
161,Bar Harbor,US,2020-08-27 17:38:39,44.39,-68.2,68.0,39,1,8.05
162,Esperance,AU,2020-08-27 17:38:39,-33.87,121.9,53.6,87,0,14.99
163,Saldanha,ZA,2020-08-27 17:38:39,-33.01,17.94,57.2,76,78,6.93
164,Vao,NC,2020-08-27 17:38:39,-22.67,167.48,66.6,72,81,20.27
165,Lufilufi,WS,2020-08-27 17:38:39,-13.87,-171.6,71.6,94,75,8.05
166,Phonhong,LA,2020-08-27 17:38:39,18.5,102.42,76.14,91,35,0.87
167,Tuatapere,NZ,2020-08-27 17:38:39,-46.13,167.68,39.97,87,72,7.05
168,Iqaluit,CA,2020-08-27 17:38:39,63.75,-68.51,59.0,44,75,8.05
169,Port Arthur,CN,2020-08-27 17:38:39,38.8,121.27,73.4,88,75,4.47
170,Mar Del Plata,AR,2020-08-27 17:38:40,-38.0,-57.56,66.2,37,0,11.41
171,Mahebourg,MU,2020-08-27 17:38:40,-20.41,57.7,71.6,83,75,8.05
172,San Cristobal,VE,2020-08-27 17:38:40,7.77,-72.22,91.4,49,20,12.75
173,Cap Malheureux,MU,2020-08-27 17:38:40,-19.98,57.61,70.0,78,10,3.0
174,Ostersund,SE,2020-08-27 17:38:40,63.18,14.64,51.8,62,90,5.82
175,Coihaique,CL,2020-08-27 17:38:40,-45.58,-72.07,42.8,70,90,10.29
176,Irece,BR,2020-08-27 17:35:44,-11.3,-41.86,87.75,18,8,5.23
177,Aberdeen,GB,2020-08-27 17:33:46,57.14,-2.1,55.4,82,75,11.41
178,Ust-Maya,RU,2020-08-27 17:38:40,60.42,134.53,39.31,74,0,1.95
179,Talnakh,RU,2020-08-27 17:38:40,69.49,88.4,55.4,82,1,11.18
180,Omsukchan,RU,2020-08-27 17:38:40,62.53,155.8,37.98,85,96,4.0
181,Saint-Joseph,RE,2020-08-27 17:38:40,-21.37,55.62,69.8,60,19,4.7
182,Dundee,GB,2020-08-27 17:38:40,56.5,-2.97,55.4,93,90,11.41
183,Thompson,CA,2020-08-27 17:38:40,55.74,-97.86,62.6,72,40,3.36
184,Kijang,KR,2020-08-27 17:38:41,35.24,129.21,80.6,88,90,10.29
185,Hasaki,JP,2020-08-27 17:38:41,35.73,140.83,79.0,100,75,1.12
186,Isangel,VU,2020-08-27 17:38:41,-19.55,169.27,71.83,84,100,18.1
187,Burkburnett,US,2020-08-27 17:38:41,34.1,-98.57,87.01,62,40,10.29
188,Mangan,IN,2020-08-27 17:38:41,27.52,88.53,73.08,59,75,0.6
189,Gambela,ET,2020-08-27 17:38:41,8.25,34.58,73.15,89,100,3.13
190,Prince Rupert,CA,2020-08-27 17:36:30,54.32,-130.32,51.8,93,20,8.05
191,Luang Prabang,LA,2020-08-27 17:38:41,19.89,102.13,75.15,79,65,1.83
192,Opochka,RU,2020-08-27 17:38:41,56.71,28.66,56.12,94,63,2.66
193,Rovaniemi,FI,2020-08-27 17:38:41,66.5,25.72,50.0,57,20,3.36
194,Anna Paulowna,NL,2020-08-27 17:38:41,52.86,4.83,64.99,77,90,10.29
195,Qaanaaq,GL,2020-08-27 17:38:41,77.48,-69.36,39.22,88,100,10.27
196,Grindavik,IS,2020-08-27 17:38:41,63.84,-22.43,50.0,81,75,17.22
197,Russell,US,2020-08-27 17:38:41,32.35,-85.2,89.6,62,40,8.05
198,Christchurch,NZ,2020-08-27 17:38:41,-43.53,172.63,46.0,93,43,3.36
199,Pangnirtung,CA,2020-08-27 17:38:42,66.15,-65.71,46.4,93,20,10.29
200,Diapaga,BF,2020-08-27 17:38:42,12.07,1.79,77.29,89,88,5.23
201,Tual,ID,2020-08-27 17:38:42,-5.67,132.75,79.75,81,97,25.3
202,Kodiak,US,2020-08-27 17:38:42,57.79,-152.41,51.8,87,90,4.7
203,General Roca,AR,2020-08-27 17:38:42,-39.03,-67.58,64.4,17,11,12.75
204,Magdagachi,RU,2020-08-27 17:38:42,53.45,125.8,44.78,87,61,5.61
205,Praia Da Vitoria,PT,2020-08-27 17:38:42,38.73,-27.07,78.8,78,40,1.34
206,Havelock,US,2020-08-27 17:38:42,34.88,-76.9,91.4,55,1,5.82
207,Naron,ES,2020-08-27 17:38:42,43.52,-8.15,73.99,88,70,8.99
208,Khatanga,RU,2020-08-27 17:38:42,71.97,102.5,54.75,82,54,3.8
209,Ponnani,IN,2020-08-27 17:38:42,10.77,75.93,78.8,83,40,3.36
210,Borskoye,RU,2020-08-27 17:38:42,53.03,51.72,69.37,50,100,8.19
211,Cascais,PT,2020-08-27 17:38:42,38.7,-9.42,75.99,78,40,19.46
212,Albanel,CA,2020-08-27 17:38:42,48.88,-72.45,59.0,62,75,17.22
213,Flinders,AU,2020-08-27 17:38:42,-34.58,150.86,57.99,65,27,12.71
214,Vammala,FI,2020-08-27 17:38:43,61.33,22.9,59.0,58,55,6.93
215,Shakawe,BW,2020-08-27 17:38:43,-18.37,21.85,75.45,19,83,2.13
216,Ryotsu,JP,2020-08-27 17:38:43,38.08,138.43,77.0,88,30,2.24
217,Esso,RU,2020-08-27 17:38:43,55.93,158.7,44.37,85,100,3.6
218,Preobrazheniye,RU,2020-08-27 17:38:43,42.9,133.91,70.05,92,89,7.74
219,Arman,RU,2020-08-27 17:38:43,59.7,150.17,46.83,69,87,6.89
220,Mujiayingzi,CN,2020-08-27 17:38:43,42.12,118.78,62.46,77,99,6.08
221,Vila Velha,BR,2020-08-27 17:38:43,-20.33,-40.29,77.0,73,75,13.87
222,Avarua,CK,2020-08-27 17:38:43,-21.21,-159.78,71.6,73,84,2.24
223,Ambulu,ID,2020-08-27 17:38:43,-8.35,113.61,72.55,88,23,3.76
224,Anloga,GH,2020-08-27 17:38:43,5.79,0.9,78.8,83,20,12.75
225,Port Macquarie,AU,2020-08-27 17:36:00,-31.43,152.92,39.99,97,0,6.53
226,Alta Floresta,BR,2020-08-27 17:38:43,-9.88,-56.09,95.29,28,55,4.54
227,Sept-Iles,CA,2020-08-27 17:38:44,50.2,-66.38,63.0,45,75,17.22
228,Gogrial,SS,2020-08-27 17:38:44,8.53,28.1,75.49,86,76,0.6
229,Espana,PH,2020-08-27 17:38:44,12.38,122.5,83.35,78,100,13.76
230,East London,ZA,2020-08-27 17:36:08,-33.02,27.91,62.6,82,0,9.17
231,Sorland,NO,2020-08-27 17:38:44,67.67,12.69,50.0,71,75,9.17
232,Evans,US,2020-08-27 17:38:44,33.53,-82.13,90.0,59,20,4.7
233,Shihezi,CN,2020-08-27 17:38:44,44.3,86.03,59.76,80,100,8.81
234,Mendi,PG,2020-08-27 17:38:44,-6.18,143.65,55.15,99,80,1.3
235,Gualaceo,EC,2020-08-27 17:38:44,-2.9,-78.78,71.6,24,20,6.93
236,Achinsk,RU,2020-08-27 17:38:44,56.27,90.5,53.71,92,87,2.75
237,Sisimiut,GL,2020-08-27 17:38:44,66.94,-53.67,50.92,61,88,6.44
238,Lata,PT,2020-08-27 17:38:44,40.16,-8.33,80.01,73,0,5.99
239,Chokurdakh,RU,2020-08-27 17:38:44,70.63,147.92,33.85,92,100,6.2
240,Airai,TL,2020-08-27 17:38:44,-8.93,125.41,57.96,94,30,3.65
241,Port Shepstone,ZA,2020-08-27 17:38:44,-30.74,30.45,66.54,77,27,25.61
242,Victoria,HK,2020-08-27 17:36:59,22.29,114.16,84.0,74,60,5.14
243,Sherghati,IN,2020-08-27 17:38:45,24.57,84.78,82.4,83,75,4.7
244,Ler,SS,2020-08-27 17:38:45,8.3,30.14,75.69,84,58,2.26
245,Namatanai,PG,2020-08-27 17:38:45,-3.67,152.43,78.94,82,54,6.73
246,Nikolskoye,RU,2020-08-27 17:38:45,59.7,30.79,53.6,87,75,6.71
247,Dunkwa,GH,2020-08-27 17:38:45,5.97,-1.78,78.55,80,65,4.47
248,Humboldt,US,2020-08-27 17:38:45,40.67,-123.92,57.99,87,75,3.36
249,Dwarka,IN,2020-08-27 17:38:45,22.24,68.97,82.22,84,95,14.52
250,Esmeraldas,BR,2020-08-27 17:38:45,-19.76,-44.31,80.6,36,0,9.17
251,Soyo,AO,2020-08-27 17:38:45,-6.13,12.37,73.29,85,67,11.18
252,Konstantinovka,RU,2020-08-27 17:38:45,49.62,127.98,62.01,54,100,13.06
253,Shimanovsk,RU,2020-08-27 17:38:45,52.0,127.7,51.67,82,100,6.78
254,Ewo,CG,2020-08-27 17:38:45,-0.87,14.82,72.55,90,100,5.46
255,Kavieng,PG,2020-08-27 17:38:45,-2.57,150.8,82.0,75,12,8.86
256,Samarai,PG,2020-08-27 17:38:45,-10.62,150.67,77.49,86,99,21.65
257,Charters Towers,AU,2020-08-27 17:38:45,-20.1,146.27,54.73,85,7,6.73
258,Antofagasta,CL,2020-08-27 17:38:46,-23.65,-70.4,60.8,63,20,14.99
259,Port Huron,US,2020-08-27 17:34:48,42.97,-82.42,87.01,66,75,10.29
260,Mbour,SN,2020-08-27 17:38:46,14.42,-16.96,80.6,88,75,5.82
261,Nangomba,TZ,2020-08-27 17:38:46,-10.9,38.5,77.13,58,38,9.26
262,Dali,CN,2020-08-27 17:38:46,25.7,100.18,62.58,84,61,4.76
263,Lebedyn,UA,2020-08-27 17:38:46,50.59,34.48,63.86,75,66,4.99
264,Komsomolskiy,UZ,2020-08-27 17:38:46,40.43,71.72,68.0,64,3,2.24
265,Vostok,RU,2020-08-27 17:38:46,46.49,135.88,61.2,100,100,5.41
266,Taunggyi,MM,2020-08-27 17:38:46,20.78,97.03,61.48,100,4,2.71
267,Mandapam,IN,2020-08-27 17:38:46,9.28,79.12,83.44,79,57,17.87
268,Oneonta,US,2020-08-27 17:38:46,42.45,-75.06,77.0,75,97,1.01
269,Antalya,TR,2020-08-27 17:38:46,36.77,30.72,82.4,69,0,4.7
270,Ahipara,NZ,2020-08-27 17:38:46,-35.17,173.17,50.68,79,6,7.31
271,Sicuani,PE,2020-08-27 17:38:46,-14.27,-71.23,67.96,21,0,14.34
272,Vila,PT,2020-08-27 17:38:46,42.03,-8.16,75.99,65,17,5.99
273,Songjianghe,CN,2020-08-27 17:38:46,42.19,127.48,65.82,95,25,5.08
274,Springbok,ZA,2020-08-27 17:38:47,-29.66,17.89,44.37,95,94,7.76
275,Bata,GQ,2020-08-27 17:38:47,1.86,9.77,76.96,88,96,10.58
276,Harper,LR,2020-08-27 17:38:47,4.38,-7.72,76.98,83,98,10.8
277,Sitka,US,2020-08-27 17:38:47,57.05,-135.33,53.6,81,90,3.89
278,Kerman,IR,2020-08-27 17:38:47,30.28,57.08,78.8,19,75,11.41
279,Erenhot,CN,2020-08-27 17:38:47,43.65,111.98,71.1,47,100,9.01
280,Bandarbeyla,SO,2020-08-27 17:38:47,9.49,50.81,77.27,78,100,29.53
281,Kenora,CA,2020-08-27 17:35:01,49.82,-94.43,68.0,60,75,4.7
282,Simdega,IN,2020-08-27 17:38:47,22.62,84.52,72.01,96,100,12.12
283,Isilkul,RU,2020-08-27 17:38:47,54.91,71.27,57.27,78,83,3.42
284,Empangeni,ZA,2020-08-27 17:38:47,-28.76,31.89,66.4,65,26,13.2
285,Tabou,CI,2020-08-27 17:38:48,4.42,-7.35,76.98,83,100,10.45
286,Goba,ET,2020-08-27 17:38:48,7.02,39.98,52.16,86,80,4.29
287,Victoria Point,AU,2020-08-27 17:38:48,-27.58,153.3,52.0,87,0,8.05
288,Tura,IN,2020-08-27 17:38:48,25.52,90.22,75.18,90,26,5.5
289,Fairbanks,US,2020-08-27 17:38:48,64.84,-147.72,54.0,93,75,2.13
290,Nemuro,JP,2020-08-27 17:38:48,43.32,145.57,66.22,99,95,8.59
291,Padang,ID,2020-08-27 17:38:48,-0.95,100.35,77.4,77,70,4.34
292,Nanortalik,GL,2020-08-27 17:38:48,60.14,-45.24,49.32,69,98,10.47
293,Peterhead,GB,2020-08-27 17:38:49,57.51,-1.8,55.4,82,75,11.41
294,Namibe,AO,2020-08-27 17:38:49,-15.2,12.15,62.13,82,84,12.5
295,Suhbaatar,MN,2020-08-27 17:38:49,50.23,106.21,55.83,87,99,4.56
296,Klaksvik,FO,2020-08-27 17:38:49,62.23,-6.59,53.6,71,28,12.75
297,Guerande,FR,2020-08-27 17:38:49,47.33,-2.43,68.0,82,75,17.22
298,Porto Walter,BR,2020-08-27 17:38:49,-8.27,-72.74,97.16,25,5,3.6
299,Lincoln,US,2020-08-27 17:34:28,40.8,-96.67,91.0,52,1,6.93
300,Darhan,MN,2020-08-27 17:38:49,49.49,105.92,53.85,88,77,3.62
301,Turukhansk,RU,2020-08-27 17:38:49,65.82,87.98,53.11,85,100,7.76
302,Marigot,MF,2020-08-27 17:38:49,18.07,-63.08,89.6,62,20,9.17
303,Atasu,KZ,2020-08-27 17:38:49,48.68,71.64,63.68,51,6,7.56
304,Upernavik,GL,2020-08-27 17:38:50,72.79,-56.15,44.2,67,99,9.01
305,Morehead,US,2020-08-27 17:38:50,37.27,-87.18,89.6,74,40,4.7
306,Quesnel,CA,2020-08-27 17:36:03,53.0,-122.5,50.0,93,40,2.24
307,Garowe,SO,2020-08-27 17:38:50,8.41,48.48,85.73,42,100,15.23
308,Muros,ES,2020-08-27 17:38:50,42.78,-9.06,71.01,92,95,8.99
309,Ancud,CL,2020-08-27 17:38:50,-41.87,-73.82,48.99,81,96,19.46
310,Yerbogachen,RU,2020-08-27 17:38:50,61.28,108.01,47.23,66,86,6.51
311,Sao Filipe,CV,2020-08-27 17:38:50,14.9,-24.5,78.82,80,75,4.21
312,De Aar,ZA,2020-08-27 17:38:50,-30.65,24.01,52.02,41,0,12.57
313,Tulum,MX,2020-08-27 17:38:50,20.22,-87.47,86.0,79,40,8.05
314,Petrozavodsk,RU,2020-08-27 17:35:47,61.78,34.35,55.4,82,99,2.24
315,Charcas,MX,2020-08-27 17:38:51,23.13,-101.12,69.89,60,92,12.12
316,Palasa,IN,2020-08-27 17:38:51,18.77,84.42,79.59,75,100,4.5
317,Lensk,RU,2020-08-27 17:38:51,60.73,114.93,47.08,57,4,7.0
318,Provideniya,RU,2020-08-27 17:38:51,64.38,-173.3,47.98,83,35,2.21
319,Jalu,LY,2020-08-27 17:38:51,29.03,21.55,85.73,28,0,6.08
320,Souillac,MU,2020-08-27 17:38:51,-20.52,57.52,71.6,83,75,8.05
321,Dzhebariki-Khaya,RU,2020-08-27 17:38:51,62.22,135.8,39.56,72,5,2.71
322,Ekibastuz,KZ,2020-08-27 17:38:51,51.67,75.37,60.13,78,44,14.16
323,Aban,RU,2020-08-27 17:38:51,56.67,96.06,52.41,87,50,2.57
324,Zhanaozen,KZ,2020-08-27 17:38:51,43.3,52.8,78.35,21,0,13.82
325,Songea,TZ,2020-08-27 17:38:51,-10.68,35.65,73.4,53,20,11.41
326,Kashan,IR,2020-08-27 17:38:51,33.98,51.44,86.0,13,20,4.7
327,Beringovskiy,RU,2020-08-27 17:38:52,63.05,179.32,49.5,86,80,5.48
328,Yarkovo,RU,2020-08-27 17:38:52,57.4,67.08,56.1,94,62,4.92
329,Buraydah,SA,2020-08-27 17:38:52,26.33,43.98,98.6,20,2,5.82
330,Naryan-Mar,RU,2020-08-27 17:38:52,67.67,53.09,53.13,82,96,4.21
331,Baghdad,IQ,2020-08-27 17:38:52,33.34,44.4,93.2,17,0,5.82
332,Port Antonio,JM,2020-08-27 17:38:52,18.18,-76.46,89.6,70,40,24.16
333,Mondlo,ZA,2020-08-27 17:38:52,-27.98,30.72,57.33,57,40,8.75
334,Namikupa,TZ,2020-08-27 17:38:52,-10.83,39.6,68.7,89,25,5.41
335,Amurzet,RU,2020-08-27 17:38:52,47.7,131.1,64.27,96,100,18.68
336,Lavrentiya,RU,2020-08-27 17:38:52,65.58,-171.0,46.98,83,13,4.0
337,Simplicio Mendes,BR,2020-08-27 17:38:53,-7.85,-41.91,97.7,18,0,6.04
338,Pringsewu,ID,2020-08-27 17:38:53,-5.36,104.97,71.37,92,62,1.63
339,San Andres Del Rabanedo,ES,2020-08-27 17:38:53,42.61,-5.62,88.0,32,20,14.99
340,Chiredzi,ZW,2020-08-27 17:38:53,-21.05,31.67,68.83,66,23,5.79
341,Novoagansk,RU,2020-08-27 17:38:53,61.94,76.66,54.88,85,44,5.17
342,Marzuq,YE,2020-08-27 17:38:53,14.4,46.47,85.51,44,17,6.11
343,Roura,GF,2020-08-27 17:38:53,4.73,-52.33,89.6,70,32,10.29
344,Tautira,PF,2020-08-27 17:38:53,-17.73,-149.15,73.4,83,20,2.24
345,Moctezuma,MX,2020-08-27 17:34:20,29.8,-109.67,93.31,31,0,3.09
346,Dikson,RU,2020-08-27 17:38:53,73.51,80.55,48.06,85,48,12.71
347,Tanout,NE,2020-08-27 17:38:53,14.97,8.89,92.55,33,49,10.8
348,Novo Aripuana,BR,2020-08-27 17:38:53,-5.12,-60.38,97.65,35,93,0.45
349,Birao,CF,2020-08-27 17:38:53,10.28,22.79,76.21,90,86,2.35
350,Ola,RU,2020-08-27 17:38:54,59.58,151.28,47.05,71,35,5.59
351,Harda,IN,2020-08-27 17:38:54,22.33,77.1,75.61,91,100,12.39
352,Itaituba,BR,2020-08-27 17:38:54,-4.28,-55.98,98.6,39,20,5.82
353,Puerto Leguizamo,CO,2020-08-27 17:38:54,-0.19,-74.78,90.14,45,50,3.38
354,Portland,US,2020-08-27 17:35:49,45.52,-122.68,69.01,68,20,3.85
355,Hengshui,CN,2020-08-27 17:38:54,37.73,115.7,69.3,87,0,2.53
356,Vetluzhskiy,RU,2020-08-27 17:38:54,58.39,45.47,55.4,91,39,3.89
357,Port Hedland,AU,2020-08-27 17:38:54,-20.32,118.57,66.2,63,0,5.82
358,Valdivia,CL,2020-08-27 17:38:54,-39.81,-73.25,53.6,71,75,5.82
359,Constitucion,CL,2020-08-27 17:38:39,-35.33,-72.42,54.07,63,84,7.76
360,Valparaiso,CL,2020-08-27 17:38:54,-33.04,-71.63,57.2,71,40,6.93
361,Inyonga,TZ,2020-08-27 17:38:55,-6.72,32.07,76.41,35,82,3.62
362,Port Lincoln,AU,2020-08-27 17:38:55,-34.73,135.87,51.89,89,0,2.86
363,Menongue,AO,2020-08-27 17:38:55,-14.66,17.69,70.99,23,16,3.27
364,Taupo,NZ,2020-08-27 17:38:55,-38.68,176.08,32.0,93,3,1.45
365,Teguldet,RU,2020-08-27 17:38:55,57.31,88.17,49.66,95,1,1.54
366,Carutapera,BR,2020-08-27 17:38:55,-1.2,-46.02,85.23,69,83,9.17
367,Saint-Augustin,CA,2020-08-27 17:38:55,51.23,-58.65,54.99,80,100,18.75
368,Angoche,MZ,2020-08-27 17:38:55,-16.23,39.91,75.02,83,48,10.16
369,Assiniboia,CA,2020-08-27 17:37:49,49.63,-105.98,76.37,34,91,10.29
370,Prince Albert,CA,2020-08-27 17:38:55,53.2,-105.77,64.4,72,75,4.7
371,Mahon,ES,2020-08-27 17:38:55,39.89,4.27,82.4,69,0,8.05
372,Perth,AU,2020-08-27 17:35:08,-31.93,115.83,62.6,55,0,10.29
373,Codrington,AU,2020-08-27 17:38:55,-38.27,141.97,43.99,82,0,8.5
374,Whitehorse,CA,2020-08-27 17:38:55,60.72,-135.05,50.0,66,75,14.99
375,Muncar,ID,2020-08-27 17:38:56,-8.43,114.33,73.74,88,57,1.3
376,Palatka,US,2020-08-27 17:38:49,29.65,-81.64,93.0,68,67,6.13
377,Pomorie,BG,2020-08-27 17:38:56,42.56,27.64,78.8,65,29,6.93
378,Xiongyue,CN,2020-08-27 17:38:56,40.18,122.12,70.34,91,78,2.26
379,Camacha,PT,2020-08-27 17:38:56,33.08,-16.33,78.8,69,40,9.17
380,Muli,MV,2020-08-27 17:38:56,2.92,73.57,83.57,71,100,10.09
381,Clyde River,CA,2020-08-27 17:38:56,70.47,-68.59,55.4,43,20,5.82
382,Luanda,AO,2020-08-27 17:34:14,-8.84,13.23,77.0,73,75,3.36
383,Erzin,TR,2020-08-27 17:38:56,36.96,36.2,82.99,76,24,4.61
384,Liverpool,GB,2020-08-27 17:38:56,53.41,-2.98,55.99,93,75,8.05
385,Thunder Bay,CA,2020-08-27 17:34:44,48.4,-89.32,73.4,56,40,11.41
386,San Patricio,MX,2020-08-27 17:38:57,19.22,-104.7,77.0,100,90,34.45
387,Kraskino,RU,2020-08-27 17:38:57,42.71,130.78,72.01,96,100,5.97
388,Xining,CN,2020-08-27 17:38:57,36.62,101.77,54.25,68,16,2.1
389,Kawalu,ID,2020-08-27 17:38:57,-7.38,108.21,70.09,91,88,1.01
390,Chekhov,RU,2020-08-27 17:38:57,55.14,37.47,64.4,68,20,6.71
391,Panaba,MX,2020-08-27 17:38:57,21.28,-88.27,92.1,54,23,11.27
392,Vilhena,BR,2020-08-27 17:35:34,-12.74,-60.15,93.2,41,34,6.93
393,Lima,PE,2020-08-27 17:35:17,-12.04,-77.03,62.6,77,90,5.82
394,Sorong,ID,2020-08-27 17:38:57,-0.88,131.25,79.07,86,71,10.04
395,Burnie,AU,2020-08-27 17:38:57,-41.07,145.92,46.0,64,7,5.99
396,Yen Bai,VN,2020-08-27 17:38:57,21.7,104.87,80.24,86,0,1.03
397,Itoman,JP,2020-08-27 17:38:57,26.12,127.67,80.6,88,75,9.17
398,Galeana,MX,2020-08-27 17:38:58,24.83,-100.07,78.67,46,14,7.61
399,Kirya,TZ,2020-08-27 17:38:58,-3.92,37.48,74.71,58,51,10.11
400,Banikoara,BJ,2020-08-27 17:38:58,11.3,2.44,76.28,88,88,3.09
401,Kaitangata,NZ,2020-08-27 17:38:58,-46.28,169.85,37.99,88,92,5.68
402,Tucumcari,US,2020-08-27 17:38:58,35.17,-103.72,88.0,26,0,4.0
403,Pingliang,CN,2020-08-27 17:38:58,35.54,106.69,64.9,80,61,1.83
404,Cabo San Lucas,MX,2020-08-27 17:38:58,22.89,-109.91,91.4,55,20,4.7
405,Henderson,US,2020-08-27 17:36:40,36.04,-114.98,97.0,9,1,3.36
406,Mikhaylovka,RU,2020-08-27 17:38:58,50.06,43.24,68.0,50,87,1.01
407,Vanderhoof,CA,2020-08-27 17:38:58,54.02,-124.02,62.1,51,43,1.3
408,Zhigansk,RU,2020-08-27 17:38:58,66.77,123.37,46.04,58,32,6.46
409,Maksatikha,RU,2020-08-27 17:38:58,57.8,35.88,56.41,94,100,3.71
410,Fort Nelson,CA,2020-08-27 17:38:58,58.81,-122.7,57.2,71,20,5.82
411,Parrita,CR,2020-08-27 17:38:58,9.52,-84.32,77.0,73,75,6.93
412,Khingansk,RU,2020-08-27 17:38:58,49.12,131.18,60.06,98,100,4.74
413,Chinsali,ZM,2020-08-27 17:34:04,-10.54,32.08,71.46,37,68,7.43
414,Alekseyevsk,RU,2020-08-27 17:38:59,57.84,108.35,52.65,77,4,0.89
415,Opuwo,NA,2020-08-27 17:38:59,-18.06,13.84,67.64,27,61,9.71
416,Laurinburg,US,2020-08-27 17:34:33,34.77,-79.46,91.99,55,1,9.17
417,Ostrovnoy,RU,2020-08-27 17:38:59,68.05,39.51,48.63,87,99,29.75
418,Huaihua,CN,2020-08-27 17:38:59,27.55,109.96,72.82,74,0,1.34
419,Manoel Urbano,BR,2020-08-27 17:38:59,-8.84,-69.26,102.65,22,2,2.1
420,Gorontalo,ID,2020-08-27 17:38:59,0.54,123.06,74.08,87,52,2.62
421,Srednekolymsk,RU,2020-08-27 17:38:59,67.45,153.68,40.68,91,92,4.81
422,Scottsbluff,US,2020-08-27 17:36:49,41.87,-103.67,89.01,37,1,10.29
423,Tucupita,VE,2020-08-27 17:38:59,9.06,-62.05,85.21,83,91,4.92
424,Makiyivka,UA,2020-08-27 17:39:00,48.05,37.93,73.54,34,51,2.46
425,Nouadhibou,MR,2020-08-27 17:39:00,20.93,-17.03,89.6,55,0,17.22
426,Thinadhoo,MV,2020-08-27 17:39:00,0.53,72.93,83.39,67,100,6.42
427,Florianopolis,BR,2020-08-27 17:39:00,-27.61,-48.5,78.01,57,0,18.34
428,Tonatico,MX,2020-08-27 17:39:00,21.49,-98.81,88.3,62,16,3.94
429,Aripuana,BR,2020-08-27 17:39:00,-9.17,-60.63,97.63,30,80,1.43
430,Ribas Do Rio Pardo,BR,2020-08-27 17:39:00,-20.44,-53.76,97.45,14,1,9.28
431,Vincennes,FR,2020-08-27 17:39:00,48.85,2.43,77.0,44,34,16.11
432,Kampot,KH,2020-08-27 17:39:00,10.62,104.18,84.2,74,20,9.17
433,Beisfjord,NO,2020-08-27 17:39:00,68.38,17.6,50.0,71,75,13.87
434,Nishihara,JP,2020-08-27 17:39:01,26.18,127.76,80.6,88,75,9.17
435,Georgetown,MY,2020-08-27 17:35:31,5.41,100.34,80.6,88,20,4.7
436,Barra Do Garcas,BR,2020-08-27 17:39:01,-15.89,-52.26,100.02,9,49,5.7
437,Barra,BR,2020-08-27 17:39:01,-11.09,-43.14,89.46,23,14,3.36
438,Hay River,CA,2020-08-27 17:39:01,60.82,-115.8,55.4,100,90,12.75
439,Kurumkan,RU,2020-08-27 17:39:01,54.3,110.3,59.05,67,100,4.36
440,Henties Bay,NA,2020-08-27 17:39:01,-22.12,14.28,55.99,90,1,1.01
441,Avera,US,2020-08-27 17:39:01,33.19,-82.53,87.8,70,40,4.7
442,Sheridan,US,2020-08-27 17:38:21,44.83,-106.92,77.0,46,1,5.82
443,Bariw,PH,2020-08-27 17:39:01,13.13,123.73,78.84,83,100,5.66
444,Laguna,US,2020-08-27 17:39:02,38.42,-121.42,72.0,68,1,5.77
445,Columbia,US,2020-08-27 17:39:02,34.0,-81.03,91.99,55,1,8.05
446,Araouane,ML,2020-08-27 17:39:02,18.9,-3.53,103.6,18,25,9.13
447,Lodwar,KE,2020-08-27 17:39:02,3.12,35.6,90.52,30,5,9.55
448,Chimbote,PE,2020-08-27 17:39:02,-9.09,-78.58,66.52,71,94,11.65
449,Waynesville,US,2020-08-27 17:39:02,35.49,-82.99,79.0,77,76,1.01
450,Scarborough,GB,2020-08-27 17:37:12,54.28,-0.4,55.99,94,99,1.99
451,Awbari,LY,2020-08-27 17:39:02,26.59,12.78,90.52,16,0,8.55
452,Hillsborough,US,2020-08-27 17:34:16,37.57,-122.38,66.0,72,90,4.47
453,Barkot,IN,2020-08-27 17:39:02,30.82,78.2,67.1,79,28,0.94
454,Bud,US,2020-08-27 17:39:02,39.45,-86.18,81.0,84,100,10.78
455,Witu,KE,2020-08-27 17:39:03,-2.39,40.44,74.88,83,1,10.45
456,Puqi,CN,2020-08-27 17:39:03,29.72,113.88,73.99,80,0,0.4
457,Kovur,IN,2020-08-27 17:39:03,14.48,79.98,84.06,74,100,5.03
458,Wainwright,CA,2020-08-27 17:38:16,52.84,-110.86,59.74,62,100,3.53
459,Bokoro,TD,2020-08-27 17:39:03,12.38,17.06,86.76,60,58,4.7
460,Iskateley,RU,2020-08-27 17:39:03,67.68,53.15,53.22,83,95,4.27
461,Honiara,SB,2020-08-27 17:39:03,-9.43,159.95,75.2,100,75,4.7
462,Marawi,PH,2020-08-27 17:39:03,8.0,124.29,73.99,93,100,5.01
463,Mitsamiouli,KM,2020-08-27 17:39:03,-11.38,43.28,75.2,73,40,2.24
464,San Carlos De Bariloche,AR,2020-08-27 17:35:13,-41.15,-71.31,44.6,70,40,19.46
465,Gumdag,TM,2020-08-27 17:39:03,39.21,54.59,79.92,17,0,12.82
466,Folldal,NO,2020-08-27 17:39:03,62.13,10.0,49.14,62,100,3.69
467,Shahrud,IR,2020-08-27 17:39:03,36.42,54.98,63.75,31,0,6.2
468,Quelimane,MZ,2020-08-27 17:39:03,-17.88,36.89,77.0,83,40,4.7
469,Khabary,RU,2020-08-27 17:39:04,53.63,79.53,56.43,93,3,6.67
470,Seoni Malwa,IN,2020-08-27 17:39:04,22.45,77.47,75.43,91,100,11.52
471,Nhulunbuy,AU,2020-08-27 17:39:04,-12.23,136.77,73.4,73,0,10.29
472,Salalah,OM,2020-08-27 17:39:04,17.02,54.09,77.0,94,90,4.7
473,Tvoroyri,FO,2020-08-27 17:39:04,61.56,-6.81,53.6,71,12,12.75
474,Beausejour,CA,2020-08-27 17:39:04,50.06,-96.52,73.0,99,33,3.58
475,Yakeshi,CN,2020-08-27 17:39:04,49.28,120.73,54.18,75,100,8.3
476,Maningrida,AU,2020-08-27 17:39:04,-12.07,134.27,65.44,82,0,10.76
477,Kavaratti,IN,2020-08-27 17:39:04,10.57,72.64,82.62,75,100,13.98
478,Alice Springs,AU,2020-08-27 17:39:04,-23.7,133.88,59.0,26,0,3.36
479,Mount Isa,AU,2020-08-27 17:39:04,-20.73,139.5,62.6,16,1,6.93
480,Semey,KZ,2020-08-27 17:39:04,50.41,80.23,63.43,69,55,8.32
481,Grants,US,2020-08-27 17:39:05,35.15,-107.85,78.8,31,1,1.57
482,Sidney,AU,2020-08-27 17:34:31,-33.87,151.21,57.2,33,33,12.75
483,Lyubymivka,UA,2020-08-27 17:39:05,46.81,33.57,73.09,57,32,8.43
484,Vite,IN,2020-08-27 17:39:05,17.28,74.55,70.5,88,100,10.69
485,Surt,LY,2020-08-27 17:39:05,31.21,16.59,80.46,66,0,10.36
486,Macaubas,BR,2020-08-27 17:39:05,-13.02,-42.7,88.97,15,20,8.19
487,Vallenar,CL,2020-08-27 17:39:05,-28.57,-70.76,71.04,22,0,9.28
488,Pueblo Nuevo,MX,2020-08-27 17:39:05,23.38,-105.38,82.72,43,4,2.17
489,Broken Hill,AU,2020-08-27 17:39:05,-31.95,141.43,50.0,71,0,9.17
490,Chumphon,TH,2020-08-27 17:39:05,10.33,98.83,75.54,95,89,3.04
491,Stillwater,US,2020-08-27 17:39:05,36.12,-97.06,89.6,52,1,10.29
492,Colares,PT,2020-08-27 17:39:05,38.8,-9.45,75.99,78,40,19.46
493,Roald,NO,2020-08-27 17:39:05,62.58,6.13,59.0,67,96,14.99
494,Davao,PH,2020-08-27 17:39:05,6.81,125.71,78.8,88,90,2.24
495,Oksfjord,NO,2020-08-27 17:39:05,70.24,22.35,50.0,71,75,5.82
496,Khash,IR,2020-08-27 17:39:05,28.22,61.22,70.5,23,3,8.43
497,Ndende,GA,2020-08-27 17:39:06,-2.4,11.36,79.32,70,100,5.39
498,Shangqiu,CN,2020-08-27 17:39:06,34.45,115.65,68.74,92,0,3.85
499,Comodoro Rivadavia,AR,2020-08-27 17:36:24,-45.87,-67.5,55.4,37,75,27.51
500,Abha,SA,2020-08-27 17:34:59,18.22,42.51,73.4,83,20,5.82
501,Miles City,US,2020-08-27 17:39:06,46.41,-105.84,73.4,60,1,5.82
502,Adrar,MR,2020-08-27 17:39:06,20.5,-10.07,102.45,19,33,11.14
503,Guerrero Negro,MX,2020-08-27 17:39:06,27.98,-114.06,89.47,44,0,3.4
504,Skjervoy,NO,2020-08-27 17:39:06,70.03,20.97,48.2,70,75,16.11
505,Opatija,HR,2020-08-27 17:39:06,45.34,14.31,82.4,48,43,3.36
506,Kunming,CN,2020-08-27 17:39:06,25.04,102.72,75.99,77,24,6.71
507,Newton,US,2020-08-27 17:39:06,42.34,-71.21,66.2,55,100,4.7
508,Moron,AR,2020-08-27 17:39:06,-34.65,-58.62,69.01,48,67,8.05
509,Qaqortoq,GL,2020-08-27 17:39:06,60.72,-46.03,51.8,66,75,9.17
510,Luderitz,NA,2020-08-27 17:39:06,-26.65,15.16,56.98,74,0,21.68
511,Halifax,CA,2020-08-27 17:35:53,44.65,-63.57,69.01,39,1,18.99
512,Matara,LK,2020-08-27 17:39:07,5.95,80.54,79.43,82,59,9.69
513,Berezovyy,RU,2020-08-27 17:39:07,51.67,135.7,54.46,84,100,3.91
514,Lahaina,US,2020-08-27 17:37:15,20.88,-156.68,78.8,78,40,14.99
515,Flic En Flac,MU,2020-08-27 17:39:07,-20.27,57.36,71.6,83,75,8.05
516,Behshahr,IR,2020-08-27 17:39:07,36.69,53.55,72.14,54,0,1.36
517,Igarka,RU,2020-08-27 17:39:07,67.47,86.58,53.4,90,97,3.44
518,Cam Ranh,VN,2020-08-27 17:39:07,11.92,109.16,86.0,84,40,3.36
519,Iquitos,PE,2020-08-27 17:39:07,-3.75,-73.25,91.4,52,9,4.7
520,Belaya Gora,RU,2020-08-27 17:39:07,68.53,146.42,37.83,85,93,2.68
521,Portel,BR,2020-08-27 17:39:07,-1.94,-50.82,93.18,44,23,2.44
522,Houma,US,2020-08-27 17:39:07,29.6,-90.72,80.01,94,90,8.05
523,Saint-Michel-Des-Saints,CA,2020-08-27 17:39:07,46.68,-73.92,65.23,33,47,6.35
524,Cayenne,GF,2020-08-27 17:36:15,4.93,-52.33,89.6,70,22,10.29
525,Doha,QA,2020-08-27 17:39:07,25.29,51.53,91.99,66,0,8.05
526,Formosa Do Rio Preto,BR,2020-08-27 17:39:07,-11.05,-45.19,98.58,12,4,2.13
527,Lac Du Bonnet,CA,2020-08-27 17:39:08,50.25,-96.06,73.0,99,31,1.45
528,Beaverlodge,CA,2020-08-27 17:39:08,55.22,-119.44,59.0,54,20,13.87
529,Kastamonu,TR,2020-08-27 17:39:08,41.5,33.67,59.83,78,54,3.71
530,Zaranj,AF,2020-08-27 17:39:08,30.97,61.88,82.4,23,0,24.16
531,Innisfail,AU,2020-08-27 17:39:08,-17.53,146.03,66.67,87,12,10.76
532,Chenzhou,CN,2020-08-27 17:39:08,25.8,113.03,72.43,69,0,2.57
533,Caravelas,BR,2020-08-27 17:39:08,-17.71,-39.25,77.0,67,4,9.73
534,Evensk,RU,2020-08-27 17:39:08,61.95,159.23,45.73,74,86,11.72
535,Sudak,UA,2020-08-27 17:39:08,44.85,34.97,73.24,62,10,4.74
536,Terrace,CA,2020-08-27 17:39:08,54.52,-128.6,53.6,87,75,2.24
537,Kahului,US,2020-08-27 17:39:08,20.89,-156.47,78.8,69,40,10.29
538,Bontang,ID,2020-08-27 17:39:08,0.13,117.5,77.27,85,46,6.06
539,Rawson,AR,2020-08-27 17:39:08,-43.3,-65.1,61.27,35,3,15.35
540,Havre-Saint-Pierre,CA,2020-08-27 17:39:08,50.23,-63.6,57.2,62,90,12.75
541,Carahue,CL,2020-08-27 17:39:09,-38.7,-73.17,53.6,76,75,8.05
542,Farmington,US,2020-08-27 17:35:48,36.73,-108.22,78.8,36,1,3.36
543,Poddorye,RU,2020-08-27 17:39:09,57.47,31.12,55.85,97,100,3.65
544,Sosva,RU,2020-08-27 17:39:09,59.18,61.86,60.64,87,86,7.18
545,Xiamen,CN,2020-08-27 17:39:09,24.48,118.08,78.8,94,90,11.18
546,Leh,IN,2020-08-27 17:39:09,34.17,77.58,60.3,41,96,7.61
547,High Level,CA,2020-08-27 17:39:09,58.52,-117.14,55.4,87,90,5.82
548,Xunchang,CN,2020-08-27 17:39:09,28.45,104.72,75.99,86,40,3.38
549,Mildura,AU,2020-08-27 17:39:09,-34.2,142.15,46.0,93,0,3.36
550,Merrill,US,2020-08-27 17:39:09,45.18,-89.68,82.4,83,90,4.7
551,Mayo,US,2020-08-27 17:39:09,38.89,-76.51,93.0,55,20,8.05
552,Tianpeng,CN,2020-08-27 17:39:09,30.99,103.94,84.2,66,85,2.24
553,Northam,GB,2020-08-27 17:39:09,51.03,-4.22,64.0,93,50,5.99
554,Yingcheng,CN,2020-08-27 17:39:09,30.95,113.55,78.8,74,0,4.47
555,Tupelo,US,2020-08-27 17:39:09,34.26,-88.7,88.0,66,75,13.87
556,Micheweni,TZ,2020-08-27 17:39:10,-4.97,39.83,75.4,78,10,10.36
557,Haines Junction,CA,2020-08-27 17:39:10,60.75,-137.51,50.72,59,100,4.43
558,Sokoni,TZ,2020-08-27 17:39:10,-6.43,39.55,78.8,74,20,5.82
559,Tabuk,PH,2020-08-27 17:39:10,17.42,121.44,72.81,78,99,3.42
560,Dingle,PH,2020-08-27 17:39:10,11.0,122.67,75.09,86,90,3.6
561,Richards Bay,ZA,2020-08-27 17:39:10,-28.78,32.04,67.5,68,27,16.06
562,Cangucu,BR,2020-08-27 17:39:10,-31.39,-52.68,60.8,100,90,6.93
563,Matamoros,MX,2020-08-27 17:39:10,25.53,-103.25,87.8,38,75,5.75
564,Kichera,RU,2020-08-27 17:39:10,55.94,110.1,58.17,56,100,4.81
